week_end_date,national_pop,copies_per_day_per_person
2021-01-17,2119000,40581
2021-01-24,2119000,10828
2021-01-31,2184000,1864
2021-02-07,2200000,1850
2021-02-14,2125000,3831
2021-02-21,2346960,2602
2021-02-28,2119000,15257
2021-03-07,2119000,9801
2021-03-14,2119000,10326
2021-03-21,2119000,9150
2021-03-28,1951000,7303
2021-04-04,2119000,4482
2021-04-11,1879000,15548
2021-04-18,2060000,7705
2021-04-25,2159000,30407
2021-05-02,2159000,62426
2021-05-09,2159000,70448
2021-05-16,2391000,26035
2021-05-23,2391000,20501
2021-05-30,2391000,15481
2021-06-06,2351000,6060
2021-06-13,2318000,37395
2021-06-20,2377000,21085
2021-06-27,2440000,9930
2021-07-04,2440000,2920
2021-07-11,2377000,5994
2021-07-18,2895000,17061
2021-07-25,2895000,16073
2021-08-01,2916900,2442
2021-08-08,2895000,24782
2021-08-15,3010000,3156
2021-08-22,3309840,117036
2021-08-29,3808410,219337
2021-09-05,3775170,77538
2021-09-12,3721710,142780
2021-09-19,3879950,38351
2021-09-26,3399986,100798
2021-10-03,3401376,134688
2021-10-10,3465472,114866
2021-10-17,3522970,164894
2021-10-24,3544056,497260
2021-10-31,3659476,432130
2021-11-07,3764676,431553
2021-11-14,3679226,145338
2021-11-21,3775856,554105
2021-11-28,3795056,440494
2021-12-05,2735620,72158
2021-12-12,3858186,191899
2021-12-19,3840493,185885
2021-12-26,3774827,230525
2022-01-02,3298802,140012
2022-01-09,2521619,90193
2022-01-16,2689389,83015
2022-01-23,2697483,83663
2022-01-30,3868083,89618
2022-02-06,3842100,379110
2022-02-13,2670440,318230
2022-02-20,2762854,715696
2022-02-27,3867383,18636335
2022-03-06,3865740,15711736
2022-03-13,3863020,30000711
2022-03-20,3899399,15712905
2022-03-27,3893678,11791800
2022-04-03,3866804,13094079
2022-04-10,3870920,9171691
2022-04-17,3756370,7301326
2022-04-24,3763686,9470721
2022-05-01,3761020,8850615
2022-05-08,3822400,7467346
2022-05-15,3839234,12846594
2022-05-22,3809577,15160341
2022-05-29,3805460,11389261
2022-06-05,3778704,7997250
2022-06-12,3751234,8265977
2022-06-19,3832734,7105263
2022-06-26,3791304,8182738
2022-07-03,3793234,12114649
2022-07-10,3813334,29326476
2022-07-17,3728404,20544908
2022-07-24,2715504,17476084
2022-07-31,3731034,21362585
2022-08-07,3789534,11526508
2022-08-14,3768004,10234042
2022-08-21,3757504,7682064
2022-08-28,3678904,5402461
2022-09-04,2688104,3763564
2022-09-11,3789204,4214274
2022-09-18,3742704,4553259
2022-09-25,3790323,2969073
2022-10-02,3684567,3693305
2022-10-09,3751034,4445332
2022-10-16,3755284,5830150
2022-10-23,3687807,5239647
2022-10-30,3765860,5867932
2022-11-06,3731030,4620365
2022-11-13,3759260,5093186
2022-11-20,3756060,3574608
2022-11-27,3794760,4779884
2022-12-04,3793030,7797490
2022-12-11,3751950,12460435
2022-12-18,3682106,16017262
2022-12-25,3578706,9920942
2023-01-01,1723000,9084461
2023-01-08,1723000,5722139
2023-01-15,3581560,3462246
2023-01-22,3799860,2637109
2023-01-29,3710860,1940277
2023-02-05,3567330,1483967
2023-02-12,3597060,2293745
2023-02-19,3539520,1708064
2023-02-26,3371930,2390151
2023-03-05,3191660,3167738
2023-03-12,3541360,3679719
2023-03-19,3514340,3029677
2023-03-26,3660030,3457953
2023-04-02,3644150,3878518
2023-04-09,3610006,5689367
2023-04-16,3626563,4594901
2023-04-23,3604927,4241138
2023-04-30,3438027,3383242
2023-05-07,3594827,3468253
2023-05-14,3526997,2462679
2023-05-21,3561497,2892913
2023-05-28,3574097,3459776
2023-06-04,3653997,4022681
2023-06-11,3685597,3204388
2023-06-18,3496020,1465721
2023-06-25,3551320,2022757
2023-07-02,3571520,1411319
2023-07-09,3604920,1916328
2023-07-16,3223520,1667222
2023-07-23,3487120,1115647
2023-07-30,3545020,955473
2023-08-06,3400620,1297579
2023-08-13,3446420,2074922
2023-08-20,3523720,2567228
2023-08-27,3516320,1702154
2023-09-03,3400320,1576768
2023-09-10,3509720,2062976
2023-09-17,3444720,2061152
2023-09-24,3410020,2233967
2023-10-01,3443020,2415049
2023-10-08,3476020,2510491
2023-10-15,3461020,2552021
2023-10-22,3425020,2571587
2023-10-29,3365420,4641282
2023-11-05,3404020,5855086
